{
  "version": 1,
  "author": "Anusha Kannapiran",
  "editor": "wokwi",
  "parts": [
    { "type": "wokwi-esp32-devkit-v1", "id": "esp", "top": 0, "left": 0, "attrs": {} },
    { "type": "wokwi-hc-sr04", "id": "ultrasonic1", "top": -62.18, "left": -241.46, "attrs": {} },
    {
      "type": "wokwi-led",
      "id": "led1",
      "top": -22.84,
      "left": -58.32,
      "attrs": { "color": "red" }
    },
    {
      "type": "wokwi-led",
      "id": "led2",
      "top": -26.74,
      "left": 163.9,
      "attrs": { "color": "blue", "flip": "" }
    },
    {
      "type": "wokwi-resistor",
      "id": "r1",
      "top": 67.69,
      "left": -59.34,
      "rotate": 90,
      "attrs": { "value": "220" }
    },
    {
      "type": "wokwi-resistor",
      "id": "r2",
      "top": -2.59,
      "left": 128.03,
      "rotate": 90,
      "attrs": { "value": "3300" }
    },
    {
      "type": "wokwi-resistor",
      "id": "r3",
      "top": 67.57,
      "left": 127.36,
      "rotate": 90,
      "attrs": { "value": "6800" }
    },
    {
      "type": "wokwi-resistor",
      "id": "r4",
      "top": 50.32,
      "left": 160.43,
      "rotate": 90,
      "attrs": { "value": "220" }
    }
  ],
  "connections": [
    [ "esp:TX0", "$serialMonitor:RX", "", [] ],
    [ "esp:RX0", "$serialMonitor:TX", "", [] ],
    [ "esp:VIN", "ultrasonic1:VCC", "red", [ "h-176.71", "v-2.95" ] ],
    [
      "ultrasonic1:TRIG",
      "esp:D18",
      "green",
      [ "v19.52", "h2.49", "v3.12", "h102.14", "v-95.13", "h199.61", "v30.41" ]
    ],
    [ "led1:A", "r1:1", "green", [ "v21.77", "h4.3" ] ],
    [ "esp:D2", "r1:2", "green", [ "h-131.88", "v-27.09" ] ],
    [ "esp:GND.1", "led1:C", "black", [ "h0" ] ],
    [ "ultrasonic1:GND", "esp:GND.1", "black", [ "v117.77", "h241.36" ] ],
    [ "led2:A", "r4:1", "green", [ "v10.37", "h2.5" ] ],
    [ "esp:D4", "r4:2", "green", [ "h89.43", "v-34.25" ] ],
    [ "esp:GND.1", "led2:C", "black", [ "h0" ] ],
    [ "esp:GND.1", "r3:2", "black", [ "h0" ] ],
    [ "ultrasonic1:ECHO", "r2:1", "green", [ "v-122.23", "h-1.87" ] ],
    [ "esp:D5", "r2:2", "green", [ "h48.43", "v-60.41" ] ]
  ],
  "dependencies": {}
}